{"info": "info about datastruct", "features_count": 69, "intervals_structure": "\u0418\u043d\u0442\u0435\u0440\u0432\u0430\u043b\u044b \u043e\u0431\u044a\u0435\u0434\u0435\u043d\u0435\u043d\u044b \u0432 1 \u043c\u0430\u0441\u0441\u0438\u0432 \u0432\u0438\u0434\u0430\n[(<\u0438\u043d\u0442\u0435\u0440\u0432\u04301>), (<\u0438\u043d\u0442\u0435\u0440\u0432\u0430\u043b2>),..., (<\u0438\u043d\u0442\u0435\u0440\u0432\u0430\u043bq>)]. \u041a\u0430\u0436\u0434\u044b\u0439 \u0438\u043d\u0442\u0435\u0440\u0432\u0430\u043b \u0441\u043e\u0434\u0435\u0440\u0436\u0438\u0442 \u0438\u043d\u0444\u043e \u0432\u0438\u0434\u0430\n(<\u043b\u0435\u0432\u0430\u044f_\u0433\u0440\u0430\u043d\u0438\u0446\u0430>, <\u043f\u0440\u0430\u0432\u0430\u044f_\u0433\u0440\u0430\u043d\u0438\u0446\u0430>, <\u0434\u043e\u043c\u0438\u043d\u0430\u0442\u043e\u0440>, <\u0437\u043d_\u0444\u0443\u043d\u043a_\u043f\u0440\u0438\u043d\u0430\u0434\u043b\u0435\u0436\u043d\u043e\u0441\u0442\u0438>)", "0": {"feature_name": "Yoshi", "stability": 0.8865683654275097, "intervals_count": 2, "intervals": [[17.0, 39.0, 1, 0.9352014010507881], [39.0, 80.0, 2, 0.17777777777777778]]}, "1": {"feature_name": "Bo'yi", "stability": 0.5960475464884327, "intervals_count": 3, "intervals": [[174.0, 186.0, 1, 0.6476190476190476], [152.0, 174.0, 1, 0.443609022556391], [186.0, 194.0, 2, 0.13953488372093023]]}, "2": {"feature_name": "Vazni", "stability": 0.8635258892620442, "intervals_count": 3, "intervals": [[48.0, 74.0, 1, 0.9048843187660668], [47.0, 48.0, 2, 0.2448979591836735], [74.0, 114.0, 2, 0.18710134656272148]]}, "3": {"feature_name": "Sistolik arterial bosim(ADS)", "stability": 0.9656131110025717, "intervals_count": 2, "intervals": [[90.0, 140.0, 1, 0.9722430607651914], [140.0, 220.0, 2, 0.027820710973724887]]}, "4": {"feature_name": "Diastolik arterial bosim(ADD)", "stability": 0.9003892229201323, "intervals_count": 2, "intervals": [[60.0, 90.0, 1, 0.8948863636363636], [90.0, 130.0, 2, 0.05906480721903199]]}, "5": {"feature_name": "EKG ga nisbatan RR interval uzunligi", "stability": 0.6131705968451014, "intervals_count": 4, "intervals": [[0.72, 0.9, 1, 0.5856], [0.6, 0.72, 1, 0.3657142857142857], [0.9, 1.08, 1, 0.39344262295081966], [1.08, 1.28, 1, 0.7955801104972375]]}, "6": {"feature_name": "EKG ga nisbatan PQ interval uzunligi", "stability": 0.6543433062314299, "intervals_count": 4, "intervals": [[0.15, 0.17, 1, 0.6714031971580817], [0.13, 0.15, 1, 0.2613430127041742], [0.12, 0.13, 1, 0.5557461406518011], [0.17, 0.2, 1, 0.2942779291553133]]}, "7": {"feature_name": "EKG ga nisbatan QT interval uzunligi", "stability": 0.6317580342998504, "intervals_count": 6, "intervals": [[0.36, 0.38, 1, 0.6520376175548589], [0.34, 0.36, 2, 0.2448979591836735], [0.32, 0.34, 1, 0.5647058823529412], [0.24, 0.32, 2, 0.2448979591836735], [0.38, 0.44, 1, 0.3790720631786772], [0.44, 0.44, 1, 1.0]]}, "8": {"feature_name": "EKG ga QRS interval uzunligi", "stability": 0.6148511075882634, "intervals_count": 4, "intervals": [[0.08, 0.09, 1, 0.590027700831025], [0.04, 0.08, 1, 0.33532934131736525], [0.09, 0.12, 1, 0.38239757207890746], [0.12, 0.12, 1, 1.0]]}, "9": {"feature_name": "Chap yurakoldi bushlig'ining ulchami(PLP)", "stability": 0.8650607041814486, "intervals_count": 2, "intervals": [[2.5, 3.3, 1, 0.8652585579024036], [3.3, 4.3, 2, 0.11483253588516747]]}, "10": {"feature_name": "CHap qorinchaning chegaraviy sistolik ulchami(KSR)", "stability": 0.7350539106183669, "intervals_count": 2, "intervals": [[2.7, 3.9, 1, 0.7001620745542949], [3.9, 4.6, 2, 0.04639175257731959]]}, "11": {"feature_name": "CHap qorinchaning chegaraviy diastolik ulchami(KDR)", "stability": 0.7906759476957427, "intervals_count": 3, "intervals": [[4.5, 5.5, 1, 0.7775551102204409], [3.9, 4.5, 1, 0.3018867924528302], [5.5, 6.5, 2, 0.12358393408856849]]}, "12": {"feature_name": "Sistolada chap qorinchaning old-orqa ulchamining kiskarish darajasi(YSS)", "stability": 0.604677300092501, "intervals_count": 5, "intervals": [[68.0, 86.0, 1, 0.5687645687645688], [57.0, 68.0, 1, 0.39344262295081966], [50.0, 57.0, 1, 0.7955801104972375], [47.0, 50.0, 2, 0.0], [86.0, 100.0, 1, 0.3781512605042017]]}, "13": {"feature_name": "O'rtacha arterial bosim (ADSR)", "stability": 0.9631182856524265, "intervals_count": 2, "intervals": [[70.0, 103.33, 1, 0.9719909159727479], [103.33, 153.33, 2, 0.036753445635528334]]}, "14": {"feature_name": "Pulsli arterial bosim (ADPuls)", "stability": 0.9080688297498397, "intervals_count": 2, "intervals": [[20.0, 60.0, 1, 0.8975069252077562], [60.0, 110.0, 2, 0.030431107354184278]]}, "15": {"feature_name": "K1 koeffitsenti", "stability": 0.6669927297813014, "intervals_count": 5, "intervals": [[0.565, 0.683, 1, 0.6529080675422139], [0.5, 0.565, 1, 0.35905511811023616], [0.444, 0.5, 1, 1.0], [0.438, 0.444, 2, 0.0], [0.683, 0.933, 1, 0.35732009925558317]]}, "16": {"feature_name": "K2 koeffitsienti", "stability": 0.6870276348778039, "intervals_count": 8, "intervals": [[0.596, 0.645, 1, 0.6372549019607844], [0.589, 0.596, 2, 0.13953488372093023], [0.573, 0.589, 1, 0.7955801104972375], [0.5, 0.573, 1, 0.2884615384615385], [0.645, 0.688, 1, 0.332871012482663], [0.688, 0.696, 1, 1.0], [0.696, 0.702, 2, 0.0], [0.702, 0.731, 1, 1.0]]}, "17": {"feature_name": "Sistolik kursatkich(SisPok)", "stability": 0.6447686599550013, "intervals_count": 3, "intervals": [[0.36, 0.5, 1, 0.6272040302267002], [0.281, 0.36, 1, 0.3018867924528302], [0.5, 0.6, 1, 0.3056300268096515]]}, "18": {"feature_name": "Sistola davom etishi (Sistola)", "stability": 0.6317580342998504, "intervals_count": 6, "intervals": [[0.36, 0.38, 1, 0.6520376175548589], [0.34, 0.36, 2, 0.2448979591836735], [0.32, 0.34, 1, 0.5647058823529412], [0.24, 0.32, 2, 0.2448979591836735], [0.38, 0.44, 1, 0.3790720631786772], [0.44, 0.44, 1, 1.0]]}, "19": {"feature_name": "Diastola davom etishi (Diastola)", "stability": 0.6391551447320614, "intervals_count": 5, "intervals": [[0.4, 0.56, 1, 0.6185567010309277], [0.25, 0.4, 1, 0.3620689655172414], [0.24, 0.25, 1, 1.0], [0.56, 0.68, 1, 0.38239757207890746], [0.68, 0.92, 1, 0.8082901554404146]]}, "20": {"feature_name": "CHap qorinchaning sistolik xajmining chegarasi(KSO)", "stability": 0.7350539106183669, "intervals_count": 2, "intervals": [[27.02, 63.91, 1, 0.7001620745542949], [63.91, 97.34, 2, 0.04639175257731959]]}, "21": {"feature_name": "CHap korinchaning diastolik xajmining chegarasi(KDO)", "stability": 0.7817179214863113, "intervals_count": 4, "intervals": [[92.45, 147.42, 1, 0.7606727037516171], [83.07, 92.45, 1, 0.32727272727272727], [74.22, 83.07, 1, 1.0], [147.42, 216.0, 2, 0.11261730969760167]]}, "22": {"feature_name": "Tomir urish chastotasi(DS)", "stability": 0.6839887656881047, "intervals_count": 2, "intervals": [[23.33, 33.33, 1, 0.33532934131736525], [33.33, 46.0, 1, 0.7101827676240209]]}, "23": {"feature_name": "Zarba hajmi(YO)", "stability": 0.6916185617194802, "intervals_count": 6, "intervals": [[64.44, 82.66, 1, 0.7253446447507953], [61.95, 64.44, 2, 0.13953488372093023], [56.29, 61.95, 1, 1.0], [49.77, 56.29, 2, 0.2448979591836735], [44.67, 49.77, 1, 1.0], [82.66, 123.55, 1, 0.3728813559322034]]}, "24": {"feature_name": "Minutdagi xajm(MO)", "stability": 0.6167701142903339, "intervals_count": 3, "intervals": [[3.38, 5.97, 1, 0.6185567010309279], [5.97, 10.04, 1, 0.3818615751789976], [10.04, 10.18, 1, 1.0]]}, "25": {"feature_name": "Yurak indeksi(SI)", "stability": 0.6607200412259762, "intervals_count": 8, "intervals": [[2.811, 3.217, 1, 0.6529080675422139], [2.678, 2.811, 1, 0.3018867924528302], [2.48, 2.678, 1, 0.7643312101910829], [2.175, 2.48, 1, 0.32727272727272727], [1.835, 2.175, 1, 1.0], [3.217, 3.668, 1, 0.41269841269841273], [3.668, 4.369, 1, 0.6407766990291262], [4.369, 5.887, 2, 0.2448979591836735]]}, "26": {"feature_name": "Otilib chikish fraksiyasi(FV)", "stability": 0.7013267441694917, "intervals_count": 2, "intervals": [[0.459, 0.607, 1, 0.3134020618556701], [0.607, 0.772, 1, 0.7218045112781954]]},